角色1信息,角色2信息,output,flag,username,timestamp
唐僧：取经团队的领袖，又称为唐三藏。他是一位慈祥正直的僧人，为了取得佛经而踏上了西天取经的艰辛旅程。他具有高尚的品德和坚定的信仰，虽然在旅途中经历了许多艰难险阻，但始终坚守着取经的使命。,"孙悟空：又称为美猴王孙悟空，是唐僧的第一护法。他是一位勇敢、聪明、机智并且拥有神通广大的猴子精灵。他的武艺高强，能够化身千百种形态，施展各种神通法术，为唐僧保驾护航，化解前方的各种危机。

","唐僧: 你好，你长得真奇特，你从哪里来？
孙悟空: 你好，我叫孙悟空，我来自花果山。
唐僧: 你好，我是唐三藏，我来自东土大唐，我此行的目的是去西天取经。
孙悟空: （眨眨眼睛）我叫孙悟空，是花果山的猴子，我听说你去西天取经，我想跟你一起去。
唐僧: （微微一笑）你好，我是唐僧，你愿意跟我一起去西天取经吗？
孙悟空: （惊讶地瞪大眼睛）西天取经？你真是找对人了，我就是齐天大圣孙悟空，我愿意跟你一起去西天取经。
唐僧: 那太好了，不过西天路途遥远，困难重重，不知道你能不能坚持到最后呢？
孙悟空: 师父，你就放心吧，俺老孙可是神通广大的，那些妖怪都怕我。
唐僧: 悟空，为师知道你神通广大，可是我们还要经历九九八十一难，你一定要小心。
孙悟空: 师父，你放心，俺老孙会保护你的，不会让你受到任何伤害。
唐僧: 悟空，你为什么决定加入我们？
孙悟空: （得意洋洋地）我听说你们要去西天取经，我也很想去，而且我还能保护你们，让你们免受妖怪的伤害。
唐僧: （看着孙悟空，眼神中带着怀疑）哦？那你能告诉我们你有什么本事吗？
孙悟空: （骄傲地抬起头）我可是花果山的猴王，我还有  72  般变化，一个跟头能翻十万八千里，上天入地无所不能！
唐僧: 那可真厉害啊。
孙悟空: （孙悟空拍了拍胸脯）那当然，我可是齐天大圣孙悟空，我跟着你，保你一路平安。
唐僧: 那太好了，以后还要多麻烦你了。
孙悟空: 没事，师父，你有什么需要帮忙的，尽管跟我说。
唐僧: 谢谢你，悟空，你真是太好了。
孙悟空: 师父，不用客气，我保护你是我应该做的。",,,2024-03-18 21:49:41.432786
"毛泽东（1893年12月26日 - 1976年9月9日）是中国现代历史上具有重大影响力的政治家和军事家，也是中国共产党的创始人之一。毛泽东在中国革命中扮演了重要角色，他领导了长征和抗日战争等重要战役，并最终在1949年建立了中华人民共和国，成为了首任国家主席。毛泽东也是文化大革命的倡导者，尽管在后期被证明是灾难性的，但仍然对中国社会和政治产生了深远的影响。
毛泽东和蒋介石之间的关系可以说是中国现代历史上最为重要和复杂的关系之一。他们在中国的政治格局中是对立的主要力量，代表了共产党和国民党的对立。两人在战争、内战、政治斗争等方面进行了长期的竞争和对抗。尽管曾在国共合作抗日战争期间有短暂的合作，但随后的内战使他们成为彻底的敌人。他们之间的冲突和对抗，深刻地影响了中国的现代发展和历史进程。","蒋介石（1887年10月31日 - 1975年4月5日）是中国现代史上的重要政治家和军事家，中国国民党的领导人。蒋介石在护法运动中崛起，并在1925年后成为国民党的最高领导人。他在第二次国共内战中与共产党对抗，领导了国民党政府对抗日本侵略和解放战争。然而，在内战中失败后，他领导的国民党政府撤退到台湾，建立了中华民国政府。他的统治在中国大陆结束，但他在台湾继续领导国民党政权，直到他去世。
毛泽东和蒋介石之间的关系可以说是中国现代历史上最为重要和复杂的关系之一。他们在中国的政治格局中是对立的主要力量，代表了共产党和国民党的对立。两人在战争、内战、政治斗争等方面进行了长期的竞争和对抗。尽管曾在国共合作抗日战争期间有短暂的合作，但随后的内战使他们成为彻底的敌人。他们之间的冲突和对抗，深刻地影响了中国的现代发展和历史进程。
",,,,2024-03-18 22:15:21.651154
"鸟山明（鳥山明，1955年4月5日-2024年3月1日 [6]），男，出生于日本爱知县。其代表作有《龙珠》《阿拉蕾》等，亦为《勇者斗恶龙》《Tobal No.1》《时空之轮》《蓝龙》等游戏担当角色设定。他诙谐幽默的创作风格、电影版的分镜、精彩的打斗画面和漫画中的少年成长故事，深深影响了后来的日本漫画创作。 [23]
1978年以漫画作品《奇异岛》出道，1980年推出成名作《阿拉蕾》。其代表作《龙珠》1984年起在漫画期刊上连载，累计发行量超过2.6亿册，后被改编成动画片、电影等衍生作品。2015年，鸟山明获安古兰国际漫画节“40周年特别奖”。 2019年5月30日，鸟山明获法国文化部于东京颁发的艺术与文学骑士勋章。 [1] [8-11] [15]
2024年3月8日，日本漫画出版公司集英社在其官网上宣布，长篇漫画《龙珠》的作者、日本漫画家鸟山明于3月1日因病去世，享年68岁。 [15]鸟山明生于1955年，成长于日本战后年代，受到手冢治虫等日本漫画大师的影响，并从好莱坞电影、中国功夫片等作品中汲取了东西方文化的滋养。他的漫画很有特点，比如弃用日语中的片假名，用英语书写漫画里的拟音语和拟态语；他的画风十分精致，不少画稿有工业设计图般的精细，故而格外耐看。他跟其他漫画家的一个不同之处是他学过设计图，所以他的素描表现力特别强，画面也很有平衡感。鸟山明的格斗分镜多机位、多角度，打斗场面超越平面，动作逻辑顺畅，画风干净利落。 [22-23]
作画效率高、偏好手绘
阿拉蕾时代，鸟山明思考故事和打草稿用3天，描线完稿用4天。就寝时间和睡觉时间不规律，到极限了就睡觉，此外的时间就画。由于阿拉蕾为单元式故事结构，每篇的故事都是独立不连贯的，要思考有趣新鲜的故事是一件难事，因为早期的熟练程度不如后期，作画比较谨慎细心，耗时相对较长。龙珠时代，鸟山明最快记录为半天完成思考故事和草稿，描线完稿半天，共1天完成1话，令人惊异的效率。平均下来完成一页的完稿耗时大概20~30分钟。由于故事为连贯的，所以思考起来不需要太长时间，加上对作画越来越熟练，基本上只需要用铅笔勾勒几下，大概定一下角色的大概位置，就可以开始上墨直接画了。
另外，鸟山一般最多只雇佣一个漫画助手，鸟山的助手一般只需要帮他涂黑和擦铅笔痕，画速度线等非常轻松的工作，所以包括背景在内的大部分画面都是由鸟山亲自动笔完成的。到了《龙珠》中后期的阶段更是在没有助手的情况下，仅仅是鸟山一个人独立作画完成的，加上如此之快的作画速度，所以漫画中有时难免出现一些忘记涂黑的地方，或是比较潦草的笔迹。
充满乡村风味和时代记忆
在爱知县乡下长大的鸟山热爱大自然。小时候他养过近100只鸟，此外还计划过养马和黑猩猩。这种自然的气氛也传递到了他的作品中，如《阿拉蕾》中人跟动物共同生活的企鹅村，和谐自然的乌托邦气质非他人能轻易模仿。相比东京的时尚繁华，鸟山更迷恋西春日井的风土人情。 [22]
","龟仙人，日本漫画《龙珠》及其衍生作品中的角色。曾是世界第一的武道家，被世人称为”武术之神“。武学流派龟仙流的创始者、龟派气功之父、武术宗师武泰斗的得意弟子。表面上是一位色眯眯的老头，但实际上却是位敢于为消灭邪恶而牺牲自身性命的战士。于”短笛大魔王篇“后完全退居三线、将未来托付于新时代的战士们。后期的龟仙人已失去天下第一的美名，但”武术之神“的称谓依然流传着。龟仙人是武术宗师武泰斗的得意弟子，同时也是龟仙流武术的创始者。在世间被誉为世界最强，被称为武天老师的传说中的武道家。悟空和小林、孙悟饭以及琪牛魔王的师父。
留着白胡须，和蔼好动的老人形象，时常戴着太阳眼镜，日常生活中衣服穿得很花哨，有时背后也会挂着一个龟壳。 [1]
表面上是一位色眯眯的老头，有时很滑稽，关键时刻有着深思熟虑正经的一面，同时也是位敢于为消灭邪恶而牺牲自身性命的战士。
","鸟山明: 你好
龟仙人: 你好，你看起来像是个漫画家
鸟山明: （骄傲的看着对方说到）是的，我叫鸟山明，是个漫画家
龟仙人: （满脸的惊讶）哇，你就是那个漫画家啊，你的漫画我看过，画的非常好
鸟山明: 谢谢，我的漫画还有很多不足的地方
龟仙人: 你太谦虚了，我真的很喜欢你的漫画
鸟山明: 谢谢你的夸奖
龟仙人: 不客气，不客气
鸟山明: 你是谁啊
龟仙人: 我叫龟仙人，我是武天老师
鸟山明: 武天老师，你的武功很厉害吗
龟仙人: （自信的看着对方说到）我的武功非常厉害，我可是被称为世界最强的男人
鸟山明: 哇，听起来好厉害啊
龟仙人: （满脸骄傲的看着对方说到）那当然，我可是世界最厉害的人
鸟山明: （惊讶的看着对方说到）哇，真的吗？我也很想学武功，可以教我吗
龟仙人: 当然可以，来我这里吧
鸟山明: 好的，那我就跟你学习武功
龟仙人: 好的，那你先跟我学习基本功，等你基本功学会了，我再教你别的
鸟山明: （好奇的看着对方说到）老师，我想问一下，您会什么武功啊
龟仙人: 我会的武功有很多，比如龟派气功，残像拳，魔封波等等
鸟山明: 好的，我一定会好好学习的
龟仙人: （认真的说到）那你每天都要来找我学习武功
鸟山明: （认真的说到）好的，我每天都会来找你学习武功的
龟仙人: 好的，那我就跟你学习画漫画吧
鸟山明: 好的，那我们就开始吧
龟仙人: （一脸认真的看着对方说到）首先，你先跟我一起做热身运动
鸟山明: 好的
龟仙人: （认真的教着对方武功）首先，你要先学会控制气息
鸟山明: 好的，我知道了
龟仙人: （疑惑的看着对方说到）你刚才说什么，你要跟我学习武功？
鸟山明: 是的，我想跟你学习武功
龟仙人: （自豪的说到）我的武功是龟仙流，龟仙流是一种武术流派，它强调身体的平衡和控制，通过集中精力和呼吸来提高力量和速度
鸟山明: 好的，那我就跟你学习
龟仙人: （欣慰的看着对方说到）很好，你是一个有天赋的孩子
鸟山明: （认真的看着对方说到）那什么是气呢？
龟仙人: 气就是一种能量，每个人都有气，通过气的使用可以发出各种招式
鸟山明: （好奇的看着对方说到）气是什么，我怎么才能感受到气
龟仙人: （认真的看着对方说到）气就是一种力量，是一种看不见的力量
鸟山明: 好的，我会好好学习的
龟仙人: （看着对方说到）气就是一种能量，是一种生命能量，是所有生物都具有的",,,2024-03-18 22:49:01.948858
